State,Vote Percentage,Year,Party,fips,State_Abbreviation,Color,Party_Color,Margin,Adjusted Margin,Margin Percentage
Alabama,50.12,1996,Republican,01,AL,"(50.12, 'red')","rgba(255, 0, 0, 0.0)",0,0.0,0.11999999999999744
Alabama,56.48,2000,Republican,01,AL,"(56.48, 'red')","rgba(255, 0, 0, 0.0)",0,0.0,6.479999999999997
Alabama,62.46,2004,Republican,01,AL,"(62.46, 'red')","rgba(255, 0, 0, 0.0)",0,0.0,12.46
Alabama,60.32,2008,Republican,01,AL,"(60.32, 'red')","rgba(255, 0, 0, 0.0)",0,0.0,10.32
Alabama,60.55,2012,Republican,01,AL,"(60.55, 'red')","rgba(255, 0, 0, 0.0)",0,0.0,10.549999999999997
Alabama,62.08,2016,Republican,01,AL,"(62.08, 'red')","rgba(255, 0, 0, 0.0)",0,0.0,12.079999999999998
Alabama,62.03,2020,Republican,01,AL,"(62.03, 'red')","rgba(255, 0, 0, 0.0)",0,0.0,12.030000000000001
Alaska,50.8,1996,Republican,02,AK,"(50.8, 'red')","rgba(255, 0, 0, 0.0)",0,0.0,0.7999999999999972
Alaska,58.62,2000,Republican,02,AK,"(58.62, 'red')","rgba(255, 0, 0, 0.0)",0,0.0,8.619999999999997
Alaska,61.07,2004,Republican,02,AK,"(61.07, 'red')","rgba(255, 0, 0, 0.0)",0,0.0,11.07
Alaska,59.42,2008,Republican,02,AK,"(59.42, 'red')","rgba(255, 0, 0, 0.0)",0,0.0,9.420000000000002
Alaska,54.8,2012,Republican,02,AK,"(54.8, 'red')","rgba(255, 0, 0, 0.0)",0,0.0,4.799999999999997
Alaska,51.28,2016,Republican,02,AK,"(51.28, 'red')","rgba(255, 0, 0, 0.0)",0,0.0,1.2800000000000011
Alaska,52.83,2020,Republican,02,AK,"(52.83, 'red')","rgba(255, 0, 0, 0.0)",0,0.0,2.8299999999999983
Arizona,46.52,1996,Democratic,04,AZ,"(46.52, 'blue')","rgba(0, 0, 255, 0.0)",0,0.0,3.479999999999997
Arizona,51.02,2000,Republican,04,AZ,"(51.02, 'red')","rgba(255, 0, 0, 0.0)",0,0.0,1.0200000000000031
Arizona,54.87,2004,Republican,04,AZ,"(54.87, 'red')","rgba(255, 0, 0, 0.0)",0,0.0,4.869999999999997
Arizona,53.64,2008,Republican,04,AZ,"(53.64, 'red')","rgba(255, 0, 0, 0.0)",0,0.0,3.6400000000000006
Arizona,53.65,2012,Republican,04,AZ,"(53.65, 'red')","rgba(255, 0, 0, 0.0)",0,0.0,3.6499999999999986
Arizona,48.67,2016,Republican,04,AZ,"(48.67, 'red')","rgba(255, 0, 0, 0.0)",0,0.0,1.3299999999999983
Arizona,49.36,2020,Democratic,04,AZ,"(49.36, 'blue')","rgba(0, 0, 255, 0.0)",0,0.0,0.6400000000000006
Arkansas,53.74,1996,Democratic,05,AR,"(53.74, 'blue')","rgba(0, 0, 255, 0.0)",0,0.0,3.740000000000002
Arkansas,51.31,2000,Republican,05,AR,"(51.31, 'red')","rgba(255, 0, 0, 0.0)",0,0.0,1.3100000000000023
Arkansas,54.31,2004,Republican,05,AR,"(54.31, 'red')","rgba(255, 0, 0, 0.0)",0,0.0,4.310000000000002
Arkansas,58.72,2008,Republican,05,AR,"(58.72, 'red')","rgba(255, 0, 0, 0.0)",0,0.0,8.719999999999999
Arkansas,60.57,2012,Republican,05,AR,"(60.57, 'red')","rgba(255, 0, 0, 0.0)",0,0.0,10.57
Arkansas,60.57,2016,Republican,05,AR,"(60.57, 'red')","rgba(255, 0, 0, 0.0)",0,0.0,10.57
Arkansas,62.4,2020,Republican,05,AR,"(62.4, 'red')","rgba(255, 0, 0, 0.0)",0,0.0,12.399999999999999
California,51.1,1996,Democratic,06,CA,"(51.1, 'blue')","rgba(0, 0, 255, 0.0)",0,0.0,1.1000000000000014
California,53.45,2000,Democratic,06,CA,"(53.45, 'blue')","rgba(0, 0, 255, 0.0)",0,0.0,3.450000000000003
California,54.3,2004,Democratic,06,CA,"(54.3, 'blue')","rgba(0, 0, 255, 0.0)",0,0.0,4.299999999999997
California,61.01,2008,Democratic,06,CA,"(61.01, 'blue')","rgba(0, 0, 255, 0.0)",0,0.0,11.009999999999998
California,60.24,2012,Democratic,06,CA,"(60.24, 'blue')","rgba(0, 0, 255, 0.0)",0,0.0,10.240000000000002
California,61.73,2016,Democratic,06,CA,"(61.73, 'blue')","rgba(0, 0, 255, 0.0)",0,0.0,11.729999999999997
California,63.48,2020,Democratic,06,CA,"(63.48, 'blue')","rgba(0, 0, 255, 0.0)",0,0.0,13.479999999999997
Colorado,45.8,1996,Republican,08,CO,"(45.8, 'red')","rgba(255, 0, 0, 0.0)",0,0.0,4.200000000000003
Colorado,50.75,2000,Republican,08,CO,"(50.75, 'red')","rgba(255, 0, 0, 0.0)",0,0.0,0.75
Colorado,51.69,2004,Republican,08,CO,"(51.69, 'red')","rgba(255, 0, 0, 0.0)",0,0.0,1.6899999999999977
Colorado,53.66,2008,Democratic,08,CO,"(53.66, 'blue')","rgba(0, 0, 255, 0.0)",0,0.0,3.6599999999999966
Colorado,51.49,2012,Democratic,08,CO,"(51.49, 'blue')","rgba(0, 0, 255, 0.0)",0,0.0,1.490000000000002
Colorado,48.16,2016,Democratic,08,CO,"(48.16, 'blue')","rgba(0, 0, 255, 0.0)",0,0.0,1.8400000000000034
Colorado,55.4,2020,Democratic,08,CO,"(55.4, 'blue')","rgba(0, 0, 255, 0.0)",0,0.0,5.399999999999999
Connecticut,52.83,1996,Democratic,09,CT,"(52.83, 'blue')","rgba(0, 0, 255, 0.0)",0,0.0,2.8299999999999983
Connecticut,55.91,2000,Democratic,09,CT,"(55.91, 'blue')","rgba(0, 0, 255, 0.0)",0,0.0,5.909999999999997
Connecticut,54.31,2004,Democratic,09,CT,"(54.31, 'blue')","rgba(0, 0, 255, 0.0)",0,0.0,4.310000000000002
Connecticut,60.59,2008,Democratic,09,CT,"(60.59, 'blue')","rgba(0, 0, 255, 0.0)",0,0.0,10.590000000000003
Connecticut,58.06,2012,Democratic,09,CT,"(58.06, 'blue')","rgba(0, 0, 255, 0.0)",0,0.0,8.060000000000002
Connecticut,54.57,2016,Democratic,09,CT,"(54.57, 'blue')","rgba(0, 0, 255, 0.0)",0,0.0,4.57
Connecticut,59.26,2020,Democratic,09,CT,"(59.26, 'blue')","rgba(0, 0, 255, 0.0)",0,0.0,9.259999999999998
District of Columbia,85.19,1996,Democratic,11,DC,"(85.19, 'blue')","rgba(0, 0, 255, 0.0)",0,0.0,35.19
District of Columbia,85.16,2000,Democratic,11,DC,"(85.16, 'blue')","rgba(0, 0, 255, 0.0)",0,0.0,35.16
District of Columbia,89.18,2004,Democratic,11,DC,"(89.18, 'blue')","rgba(0, 0, 255, 0.0)",0,0.0,39.18000000000001
District of Columbia,92.46,2008,Democratic,11,DC,"(92.46, 'blue')","rgba(0, 0, 255, 0.0)",0,0.0,42.459999999999994
District of Columbia,90.91,2012,Democratic,11,DC,"(90.91, 'blue')","rgba(0, 0, 255, 0.0)",0,0.0,40.91
District of Columbia,90.86,2016,Democratic,11,DC,"(90.86, 'blue')","rgba(0, 0, 255, 0.0)",0,0.0,40.86
District of Columbia,92.15,2020,Democratic,11,DC,"(92.15, 'blue')","rgba(0, 0, 255, 0.0)",0,0.0,42.150000000000006
Delaware,51.82,1996,Democratic,10,DE,"(51.82, 'blue')","rgba(0, 0, 255, 0.0)",0,0.0,1.8200000000000003
Delaware,54.96,2000,Democratic,10,DE,"(54.96, 'blue')","rgba(0, 0, 255, 0.0)",0,0.0,4.960000000000001
Delaware,53.35,2004,Democratic,10,DE,"(53.35, 'blue')","rgba(0, 0, 255, 0.0)",0,0.0,3.3500000000000014
Delaware,61.94,2008,Democratic,10,DE,"(61.94, 'blue')","rgba(0, 0, 255, 0.0)",0,0.0,11.939999999999998
Delaware,58.61,2012,Democratic,10,DE,"(58.61, 'blue')","rgba(0, 0, 255, 0.0)",0,0.0,8.61
Delaware,53.09,2016,Democratic,10,DE,"(53.09, 'blue')","rgba(0, 0, 255, 0.0)",0,0.0,3.0900000000000034
Delaware,58.74,2020,Democratic,10,DE,"(58.74, 'blue')","rgba(0, 0, 255, 0.0)",0,0.0,8.740000000000002
Florida,48.02,1996,Democratic,12,FL,"(48.02, 'blue')","rgba(0, 0, 255, 0.0)",0,0.0,1.9799999999999969
Florida,48.85,2000,Republican,12,FL,"(48.85, 'red')","rgba(255, 0, 0, 0.0)",0,0.0,1.1499999999999986
Florida,52.1,2004,Republican,12,FL,"(52.1, 'red')","rgba(255, 0, 0, 0.0)",0,0.0,2.1000000000000014
Florida,51.03,2008,Democratic,12,FL,"(51.03, 'blue')","rgba(0, 0, 255, 0.0)",0,0.0,1.0300000000000011
Florida,50.01,2012,Democratic,12,FL,"(50.01, 'blue')","rgba(0, 0, 255, 0.0)",0,0.0,0.00999999999999801
Florida,49.02,2016,Republican,12,FL,"(49.02, 'red')","rgba(255, 0, 0, 0.0)",0,0.0,0.9799999999999969
Florida,51.22,2020,Republican,12,FL,"(51.22, 'red')","rgba(255, 0, 0, 0.0)",0,0.0,1.2199999999999989
Georgia,47.01,1996,Republican,13,GA,"(47.01, 'red')","rgba(255, 0, 0, 0.0)",0,0.0,2.990000000000002
Georgia,54.67,2000,Republican,13,GA,"(54.67, 'red')","rgba(255, 0, 0, 0.0)",0,0.0,4.670000000000002
Georgia,57.97,2004,Republican,13,GA,"(57.97, 'red')","rgba(255, 0, 0, 0.0)",0,0.0,7.969999999999999
Georgia,52.2,2008,Republican,13,GA,"(52.2, 'red')","rgba(255, 0, 0, 0.0)",0,0.0,2.200000000000003
Georgia,53.3,2012,Republican,13,GA,"(53.3, 'red')","rgba(255, 0, 0, 0.0)",0,0.0,3.299999999999997
Georgia,50.77,2016,Republican,13,GA,"(50.77, 'red')","rgba(255, 0, 0, 0.0)",0,0.0,0.7700000000000031
Georgia,49.47,2020,Democratic,13,GA,"(49.47, 'blue')","rgba(0, 0, 255, 0.0)",0,0.0,0.5300000000000011
Hawaii,56.93,1996,Democratic,15,HI,"(56.93, 'blue')","rgba(0, 0, 255, 0.0)",0,0.0,6.93
Hawaii,55.79,2000,Democratic,15,HI,"(55.79, 'blue')","rgba(0, 0, 255, 0.0)",0,0.0,5.789999999999999
Hawaii,54.01,2004,Democratic,15,HI,"(54.01, 'blue')","rgba(0, 0, 255, 0.0)",0,0.0,4.009999999999998
Hawaii,71.85,2008,Democratic,15,HI,"(71.85, 'blue')","rgba(0, 0, 255, 0.0)",0,0.0,21.849999999999994
Hawaii,70.55,2012,Democratic,15,HI,"(70.55, 'blue')","rgba(0, 0, 255, 0.0)",0,0.0,20.549999999999997
Hawaii,62.22,2016,Democratic,15,HI,"(62.22, 'blue')","rgba(0, 0, 255, 0.0)",0,0.0,12.219999999999999
Hawaii,63.73,2020,Democratic,15,HI,"(63.73, 'blue')","rgba(0, 0, 255, 0.0)",0,0.0,13.729999999999997
Idaho,52.18,1996,Republican,16,ID,"(52.18, 'red')","rgba(255, 0, 0, 0.0)",0,0.0,2.1799999999999997
Idaho,67.17,2000,Republican,16,ID,"(67.17, 'red')","rgba(255, 0, 0, 0.0)",0,0.0,17.17
Idaho,68.38,2004,Republican,16,ID,"(68.38, 'red')","rgba(255, 0, 0, 0.0)",0,0.0,18.379999999999995
Idaho,61.53,2008,Republican,16,ID,"(61.53, 'red')","rgba(255, 0, 0, 0.0)",0,0.0,11.530000000000001
Idaho,64.53,2012,Republican,16,ID,"(64.53, 'red')","rgba(255, 0, 0, 0.0)",0,0.0,14.530000000000001
Idaho,59.26,2016,Republican,16,ID,"(59.26, 'red')","rgba(255, 0, 0, 0.0)",0,0.0,9.259999999999998
Idaho,63.84,2020,Republican,16,ID,"(63.84, 'red')","rgba(255, 0, 0, 0.0)",0,0.0,13.840000000000003
Illinois,54.31,1996,Democratic,17,IL,"(54.31, 'blue')","rgba(0, 0, 255, 0.0)",0,0.0,4.310000000000002
Illinois,54.6,2000,Democratic,17,IL,"(54.6, 'blue')","rgba(0, 0, 255, 0.0)",0,0.0,4.600000000000001
Illinois,54.82,2004,Democratic,17,IL,"(54.82, 'blue')","rgba(0, 0, 255, 0.0)",0,0.0,4.82
Illinois,61.92,2008,Democratic,17,IL,"(61.92, 'blue')","rgba(0, 0, 255, 0.0)",0,0.0,11.920000000000002
Illinois,57.6,2012,Democratic,17,IL,"(57.6, 'blue')","rgba(0, 0, 255, 0.0)",0,0.0,7.600000000000001
Illinois,55.83,2016,Democratic,17,IL,"(55.83, 'blue')","rgba(0, 0, 255, 0.0)",0,0.0,5.829999999999998
Illinois,57.54,2020,Democratic,17,IL,"(57.54, 'blue')","rgba(0, 0, 255, 0.0)",0,0.0,7.539999999999999
Indiana,47.13,1996,Republican,18,IN,"(47.13, 'red')","rgba(255, 0, 0, 0.0)",0,0.0,2.8699999999999974
Indiana,56.65,2000,Republican,18,IN,"(56.65, 'red')","rgba(255, 0, 0, 0.0)",0,0.0,6.649999999999999
Indiana,59.94,2004,Republican,18,IN,"(59.94, 'red')","rgba(255, 0, 0, 0.0)",0,0.0,9.939999999999998
Indiana,49.95,2008,Democratic,18,IN,"(49.95, 'blue')","rgba(0, 0, 255, 0.0)",0,0.0,0.04999999999999716
Indiana,54.13,2012,Republican,18,IN,"(54.13, 'red')","rgba(255, 0, 0, 0.0)",0,0.0,4.130000000000003
Indiana,56.94,2016,Republican,18,IN,"(56.94, 'red')","rgba(255, 0, 0, 0.0)",0,0.0,6.939999999999998
Indiana,57.03,2020,Republican,18,IN,"(57.03, 'red')","rgba(255, 0, 0, 0.0)",0,0.0,7.030000000000001
Iowa,50.26,1996,Democratic,19,IA,"(50.26, 'blue')","rgba(0, 0, 255, 0.0)",0,0.0,0.259999999999998
Iowa,48.54,2000,Democratic,19,IA,"(48.54, 'blue')","rgba(0, 0, 255, 0.0)",0,0.0,1.4600000000000009
Iowa,49.9,2004,Republican,19,IA,"(49.9, 'red')","rgba(255, 0, 0, 0.0)",0,0.0,0.10000000000000142
Iowa,53.93,2008,Democratic,19,IA,"(53.93, 'blue')","rgba(0, 0, 255, 0.0)",0,0.0,3.9299999999999997
Iowa,51.99,2012,Democratic,19,IA,"(51.99, 'blue')","rgba(0, 0, 255, 0.0)",0,0.0,1.990000000000002
Iowa,51.15,2016,Republican,19,IA,"(51.15, 'red')","rgba(255, 0, 0, 0.0)",0,0.0,1.1499999999999986
Iowa,53.09,2020,Republican,19,IA,"(53.09, 'red')","rgba(255, 0, 0, 0.0)",0,0.0,3.0900000000000034
Kansas,54.29,1996,Republican,20,KS,"(54.29, 'red')","rgba(255, 0, 0, 0.0)",0,0.0,4.289999999999999
Kansas,58.04,2000,Republican,20,KS,"(58.04, 'red')","rgba(255, 0, 0, 0.0)",0,0.0,8.04
Kansas,62.0,2004,Republican,20,KS,"(62.0, 'red')","rgba(255, 0, 0, 0.0)",0,0.0,12.0
Kansas,56.61,2008,Republican,20,KS,"(56.61, 'red')","rgba(255, 0, 0, 0.0)",0,0.0,6.609999999999999
Kansas,59.71,2012,Republican,20,KS,"(59.71, 'red')","rgba(255, 0, 0, 0.0)",0,0.0,9.71
Kansas,56.65,2016,Republican,20,KS,"(56.65, 'red')","rgba(255, 0, 0, 0.0)",0,0.0,6.649999999999999
Kansas,56.14,2020,Republican,20,KS,"(56.14, 'red')","rgba(255, 0, 0, 0.0)",0,0.0,6.140000000000001
Kentucky,45.84,1996,Democratic,21,KY,"(45.84, 'blue')","rgba(0, 0, 255, 0.0)",0,0.0,4.159999999999997
Kentucky,56.5,2000,Republican,21,KY,"(56.5, 'red')","rgba(255, 0, 0, 0.0)",0,0.0,6.5
Kentucky,59.55,2004,Republican,21,KY,"(59.55, 'red')","rgba(255, 0, 0, 0.0)",0,0.0,9.549999999999997
Kentucky,57.4,2008,Republican,21,KY,"(57.4, 'red')","rgba(255, 0, 0, 0.0)",0,0.0,7.399999999999999
Kentucky,60.49,2012,Republican,21,KY,"(60.49, 'red')","rgba(255, 0, 0, 0.0)",0,0.0,10.490000000000002
Kentucky,62.52,2016,Republican,21,KY,"(62.52, 'red')","rgba(255, 0, 0, 0.0)",0,0.0,12.520000000000003
Kentucky,62.09,2020,Republican,21,KY,"(62.09, 'red')","rgba(255, 0, 0, 0.0)",0,0.0,12.090000000000003
Louisiana,52.01,1996,Democratic,22,LA,"(52.01, 'blue')","rgba(0, 0, 255, 0.0)",0,0.0,2.009999999999998
Louisiana,52.55,2000,Republican,22,LA,"(52.55, 'red')","rgba(255, 0, 0, 0.0)",0,0.0,2.549999999999997
Louisiana,56.72,2004,Republican,22,LA,"(56.72, 'red')","rgba(255, 0, 0, 0.0)",0,0.0,6.719999999999999
Louisiana,58.56,2008,Republican,22,LA,"(58.56, 'red')","rgba(255, 0, 0, 0.0)",0,0.0,8.560000000000002
Louisiana,57.78,2012,Republican,22,LA,"(57.78, 'red')","rgba(255, 0, 0, 0.0)",0,0.0,7.780000000000001
Louisiana,58.09,2016,Republican,22,LA,"(58.09, 'red')","rgba(255, 0, 0, 0.0)",0,0.0,8.090000000000003
Louisiana,58.46,2020,Republican,22,LA,"(58.46, 'red')","rgba(255, 0, 0, 0.0)",0,0.0,8.46
Maine,51.62,1996,Democratic,23,ME,"(51.62, 'blue')","rgba(0, 0, 255, 0.0)",0,0.0,1.6199999999999974
Maine,49.09,2000,Democratic,23,ME,"(49.09, 'blue')","rgba(0, 0, 255, 0.0)",0,0.0,0.9099999999999966
Maine,53.57,2004,Democratic,23,ME,"(53.57, 'blue')","rgba(0, 0, 255, 0.0)",0,0.0,3.5700000000000003
Maine,57.71,2008,Democratic,23,ME,"(57.71, 'blue')","rgba(0, 0, 255, 0.0)",0,0.0,7.710000000000001
Maine,56.27,2012,Democratic,23,ME,"(56.27, 'blue')","rgba(0, 0, 255, 0.0)",0,0.0,6.270000000000003
Maine,47.83,2016,Democratic,23,ME,"(47.83, 'blue')","rgba(0, 0, 255, 0.0)",0,0.0,2.1700000000000017
Maine,53.09,2020,Democratic,23,ME,"(53.09, 'blue')","rgba(0, 0, 255, 0.0)",0,0.0,3.0900000000000034
Maryland,54.25,1996,Democratic,24,MD,"(54.25, 'blue')","rgba(0, 0, 255, 0.0)",0,0.0,4.25
Maryland,56.57,2000,Democratic,24,MD,"(56.57, 'blue')","rgba(0, 0, 255, 0.0)",0,0.0,6.57
Maryland,55.91,2004,Democratic,24,MD,"(55.91, 'blue')","rgba(0, 0, 255, 0.0)",0,0.0,5.909999999999997
Maryland,61.92,2008,Democratic,24,MD,"(61.92, 'blue')","rgba(0, 0, 255, 0.0)",0,0.0,11.920000000000002
Maryland,61.97,2012,Democratic,24,MD,"(61.97, 'blue')","rgba(0, 0, 255, 0.0)",0,0.0,11.969999999999999
Maryland,60.33,2016,Democratic,24,MD,"(60.33, 'blue')","rgba(0, 0, 255, 0.0)",0,0.0,10.329999999999998
Maryland,65.36,2020,Democratic,24,MD,"(65.36, 'blue')","rgba(0, 0, 255, 0.0)",0,0.0,15.36
Massachusetts,61.47,1996,Democratic,25,MA,"(61.47, 'blue')","rgba(0, 0, 255, 0.0)",0,0.0,11.469999999999999
Massachusetts,59.8,2000,Democratic,25,MA,"(59.8, 'blue')","rgba(0, 0, 255, 0.0)",0,0.0,9.799999999999997
Massachusetts,61.94,2004,Democratic,25,MA,"(61.94, 'blue')","rgba(0, 0, 255, 0.0)",0,0.0,11.939999999999998
Massachusetts,61.8,2008,Democratic,25,MA,"(61.8, 'blue')","rgba(0, 0, 255, 0.0)",0,0.0,11.799999999999997
Massachusetts,60.65,2012,Democratic,25,MA,"(60.65, 'blue')","rgba(0, 0, 255, 0.0)",0,0.0,10.649999999999999
Massachusetts,60.01,2016,Democratic,25,MA,"(60.01, 'blue')","rgba(0, 0, 255, 0.0)",0,0.0,10.009999999999998
Massachusetts,65.6,2020,Democratic,25,MA,"(65.6, 'blue')","rgba(0, 0, 255, 0.0)",0,0.0,15.599999999999994
Michigan,51.69,1996,Democratic,26,MI,"(51.69, 'blue')","rgba(0, 0, 255, 0.0)",0,0.0,1.6899999999999977
Michigan,51.28,2000,Democratic,26,MI,"(51.28, 'blue')","rgba(0, 0, 255, 0.0)",0,0.0,1.2800000000000011
Michigan,51.23,2004,Democratic,26,MI,"(51.23, 'blue')","rgba(0, 0, 255, 0.0)",0,0.0,1.2299999999999969
Michigan,57.43,2008,Democratic,26,MI,"(57.43, 'blue')","rgba(0, 0, 255, 0.0)",0,0.0,7.43
Michigan,54.21,2012,Democratic,26,MI,"(54.21, 'blue')","rgba(0, 0, 255, 0.0)",0,0.0,4.210000000000001
Michigan,47.5,2016,Republican,26,MI,"(47.5, 'red')","rgba(255, 0, 0, 0.0)",0,0.0,2.5
Michigan,50.62,2020,Democratic,26,MI,"(50.62, 'blue')","rgba(0, 0, 255, 0.0)",0,0.0,0.6199999999999974
Minnesota,51.1,1996,Democratic,27,MN,"(51.1, 'blue')","rgba(0, 0, 255, 0.0)",0,0.0,1.1000000000000014
Minnesota,47.9,2000,Democratic,27,MN,"(47.9, 'blue')","rgba(0, 0, 255, 0.0)",0,0.0,2.1000000000000014
Minnesota,51.09,2004,Democratic,27,MN,"(51.09, 'blue')","rgba(0, 0, 255, 0.0)",0,0.0,1.0900000000000034
Minnesota,54.06,2008,Democratic,27,MN,"(54.06, 'blue')","rgba(0, 0, 255, 0.0)",0,0.0,4.060000000000002
Minnesota,52.65,2012,Democratic,27,MN,"(52.65, 'blue')","rgba(0, 0, 255, 0.0)",0,0.0,2.6499999999999986
Minnesota,46.44,2016,Democratic,27,MN,"(46.44, 'blue')","rgba(0, 0, 255, 0.0)",0,0.0,3.5600000000000023
Minnesota,52.4,2020,Democratic,27,MN,"(52.4, 'blue')","rgba(0, 0, 255, 0.0)",0,0.0,2.3999999999999986
Mississippi,49.21,1996,Republican,28,MS,"(49.21, 'red')","rgba(255, 0, 0, 0.0)",0,0.0,0.7899999999999991
Mississippi,57.62,2000,Republican,28,MS,"(57.62, 'red')","rgba(255, 0, 0, 0.0)",0,0.0,7.619999999999997
Mississippi,59.45,2004,Republican,28,MS,"(59.45, 'red')","rgba(255, 0, 0, 0.0)",0,0.0,9.450000000000003
Mississippi,56.18,2008,Republican,28,MS,"(56.18, 'red')","rgba(255, 0, 0, 0.0)",0,0.0,6.18
Mississippi,55.29,2012,Republican,28,MS,"(55.29, 'red')","rgba(255, 0, 0, 0.0)",0,0.0,5.289999999999999
Mississippi,57.94,2016,Republican,28,MS,"(57.94, 'red')","rgba(255, 0, 0, 0.0)",0,0.0,7.939999999999998
Mississippi,57.6,2020,Republican,28,MS,"(57.6, 'red')","rgba(255, 0, 0, 0.0)",0,0.0,7.600000000000001
Missouri,47.54,1996,Democratic,29,MO,"(47.54, 'blue')","rgba(0, 0, 255, 0.0)",0,0.0,2.460000000000001
Missouri,50.42,2000,Republican,29,MO,"(50.42, 'red')","rgba(255, 0, 0, 0.0)",0,0.0,0.4200000000000017
Missouri,53.3,2004,Republican,29,MO,"(53.3, 'red')","rgba(255, 0, 0, 0.0)",0,0.0,3.299999999999997
Missouri,49.43,2008,Republican,29,MO,"(49.43, 'red')","rgba(255, 0, 0, 0.0)",0,0.0,0.5700000000000003
Missouri,53.76,2012,Republican,29,MO,"(53.76, 'red')","rgba(255, 0, 0, 0.0)",0,0.0,3.759999999999998
Missouri,56.77,2016,Republican,29,MO,"(56.77, 'red')","rgba(255, 0, 0, 0.0)",0,0.0,6.770000000000003
Missouri,56.8,2020,Republican,29,MO,"(56.8, 'red')","rgba(255, 0, 0, 0.0)",0,0.0,6.799999999999997
Montana,44.11,1996,Republican,30,MT,"(44.11, 'red')","rgba(255, 0, 0, 0.0)",0,0.0,5.890000000000001
Montana,58.44,2000,Republican,30,MT,"(58.44, 'red')","rgba(255, 0, 0, 0.0)",0,0.0,8.439999999999998
Montana,59.07,2004,Republican,30,MT,"(59.07, 'red')","rgba(255, 0, 0, 0.0)",0,0.0,9.07
Montana,49.51,2008,Republican,30,MT,"(49.51, 'red')","rgba(255, 0, 0, 0.0)",0,0.0,0.490000000000002
Montana,55.35,2012,Republican,30,MT,"(55.35, 'red')","rgba(255, 0, 0, 0.0)",0,0.0,5.350000000000001
Montana,56.17,2016,Republican,30,MT,"(56.17, 'red')","rgba(255, 0, 0, 0.0)",0,0.0,6.170000000000002
Montana,56.92,2020,Republican,30,MT,"(56.92, 'red')","rgba(255, 0, 0, 0.0)",0,0.0,6.920000000000002
Nebraska,53.66,1996,Republican,31,NE,"(53.66, 'red')","rgba(255, 0, 0, 0.0)",0,0.0,3.6599999999999966
Nebraska,62.24,2000,Republican,31,NE,"(62.24, 'red')","rgba(255, 0, 0, 0.0)",0,0.0,12.240000000000002
Nebraska,65.9,2004,Republican,31,NE,"(65.9, 'red')","rgba(255, 0, 0, 0.0)",0,0.0,15.900000000000006
Nebraska,56.53,2008,Republican,31,NE,"(56.53, 'red')","rgba(255, 0, 0, 0.0)",0,0.0,6.530000000000001
Nebraska,59.8,2012,Republican,31,NE,"(59.8, 'red')","rgba(255, 0, 0, 0.0)",0,0.0,9.799999999999997
Nebraska,58.75,2016,Republican,31,NE,"(58.75, 'red')","rgba(255, 0, 0, 0.0)",0,0.0,8.75
Nebraska,58.22,2020,Republican,31,NE,"(58.22, 'red')","rgba(255, 0, 0, 0.0)",0,0.0,8.219999999999999
Nevada,43.93,1996,Democratic,32,NV,"(43.93, 'blue')","rgba(0, 0, 255, 0.0)",0,0.0,6.07
Nevada,49.52,2000,Republican,32,NV,"(49.52, 'red')","rgba(255, 0, 0, 0.0)",0,0.0,0.4799999999999969
Nevada,50.47,2004,Republican,32,NV,"(50.47, 'red')","rgba(255, 0, 0, 0.0)",0,0.0,0.46999999999999886
Nevada,55.15,2008,Democratic,32,NV,"(55.15, 'blue')","rgba(0, 0, 255, 0.0)",0,0.0,5.149999999999999
Nevada,52.36,2012,Democratic,32,NV,"(52.36, 'blue')","rgba(0, 0, 255, 0.0)",0,0.0,2.3599999999999994
Nevada,47.92,2016,Democratic,32,NV,"(47.92, 'blue')","rgba(0, 0, 255, 0.0)",0,0.0,2.0799999999999983
Nevada,50.06,2020,Democratic,32,NV,"(50.06, 'blue')","rgba(0, 0, 255, 0.0)",0,0.0,0.060000000000002274
New Hampshire,49.32,1996,Democratic,33,NH,"(49.32, 'blue')","rgba(0, 0, 255, 0.0)",0,0.0,0.6799999999999997
New Hampshire,48.07,2000,Republican,33,NH,"(48.07, 'red')","rgba(255, 0, 0, 0.0)",0,0.0,1.9299999999999997
New Hampshire,50.24,2004,Democratic,33,NH,"(50.24, 'blue')","rgba(0, 0, 255, 0.0)",0,0.0,0.240000000000002
New Hampshire,54.13,2008,Democratic,33,NH,"(54.13, 'blue')","rgba(0, 0, 255, 0.0)",0,0.0,4.130000000000003
New Hampshire,51.98,2012,Democratic,33,NH,"(51.98, 'blue')","rgba(0, 0, 255, 0.0)",0,0.0,1.9799999999999969
New Hampshire,46.83,2016,Democratic,33,NH,"(46.83, 'blue')","rgba(0, 0, 255, 0.0)",0,0.0,3.1700000000000017
New Hampshire,52.71,2020,Democratic,33,NH,"(52.71, 'blue')","rgba(0, 0, 255, 0.0)",0,0.0,2.710000000000001
New Jersey,53.72,1996,Democratic,34,NJ,"(53.72, 'blue')","rgba(0, 0, 255, 0.0)",0,0.0,3.719999999999999
New Jersey,56.12,2000,Democratic,34,NJ,"(56.12, 'blue')","rgba(0, 0, 255, 0.0)",0,0.0,6.119999999999997
New Jersey,52.92,2004,Democratic,34,NJ,"(52.92, 'blue')","rgba(0, 0, 255, 0.0)",0,0.0,2.9200000000000017
New Jersey,57.27,2008,Democratic,34,NJ,"(57.27, 'blue')","rgba(0, 0, 255, 0.0)",0,0.0,7.270000000000003
New Jersey,58.38,2012,Democratic,34,NJ,"(58.38, 'blue')","rgba(0, 0, 255, 0.0)",0,0.0,8.380000000000003
New Jersey,55.45,2016,Democratic,34,NJ,"(55.45, 'blue')","rgba(0, 0, 255, 0.0)",0,0.0,5.450000000000003
New Jersey,57.33,2020,Democratic,34,NJ,"(57.33, 'blue')","rgba(0, 0, 255, 0.0)",0,0.0,7.329999999999998
New Mexico,49.18,1996,Democratic,35,NM,"(49.18, 'blue')","rgba(0, 0, 255, 0.0)",0,0.0,0.8200000000000003
New Mexico,47.91,2000,Democratic,35,NM,"(47.91, 'blue')","rgba(0, 0, 255, 0.0)",0,0.0,2.0900000000000034
New Mexico,49.84,2004,Republican,35,NM,"(49.84, 'red')","rgba(255, 0, 0, 0.0)",0,0.0,0.1599999999999966
New Mexico,56.91,2008,Democratic,35,NM,"(56.91, 'blue')","rgba(0, 0, 255, 0.0)",0,0.0,6.909999999999997
New Mexico,52.99,2012,Democratic,35,NM,"(52.99, 'blue')","rgba(0, 0, 255, 0.0)",0,0.0,2.990000000000002
New Mexico,48.26,2016,Democratic,35,NM,"(48.26, 'blue')","rgba(0, 0, 255, 0.0)",0,0.0,1.740000000000002
New Mexico,54.29,2020,Democratic,35,NM,"(54.29, 'blue')","rgba(0, 0, 255, 0.0)",0,0.0,4.289999999999999
New York,59.47,1996,Democratic,36,NY,"(59.47, 'blue')","rgba(0, 0, 255, 0.0)",0,0.0,9.469999999999999
New York,60.21,2000,Democratic,36,NY,"(60.21, 'blue')","rgba(0, 0, 255, 0.0)",0,0.0,10.21
New York,58.37,2004,Democratic,36,NY,"(58.37, 'blue')","rgba(0, 0, 255, 0.0)",0,0.0,8.369999999999997
New York,62.88,2008,Democratic,36,NY,"(62.88, 'blue')","rgba(0, 0, 255, 0.0)",0,0.0,12.880000000000003
New York,63.35,2012,Democratic,36,NY,"(63.35, 'blue')","rgba(0, 0, 255, 0.0)",0,0.0,13.350000000000001
New York,59.01,2016,Democratic,36,NY,"(59.01, 'blue')","rgba(0, 0, 255, 0.0)",0,0.0,9.009999999999998
New York,60.87,2020,Democratic,36,NY,"(60.87, 'blue')","rgba(0, 0, 255, 0.0)",0,0.0,10.869999999999997
North Carolina,48.73,1996,Republican,37,NC,"(48.73, 'red')","rgba(255, 0, 0, 0.0)",0,0.0,1.2700000000000031
North Carolina,56.03,2000,Republican,37,NC,"(56.03, 'red')","rgba(255, 0, 0, 0.0)",0,0.0,6.030000000000001
North Carolina,56.02,2004,Republican,37,NC,"(56.02, 'red')","rgba(255, 0, 0, 0.0)",0,0.0,6.020000000000003
North Carolina,49.7,2008,Democratic,37,NC,"(49.7, 'blue')","rgba(0, 0, 255, 0.0)",0,0.0,0.29999999999999716
North Carolina,50.39,2012,Republican,37,NC,"(50.39, 'red')","rgba(255, 0, 0, 0.0)",0,0.0,0.39000000000000057
North Carolina,49.83,2016,Republican,37,NC,"(49.83, 'red')","rgba(255, 0, 0, 0.0)",0,0.0,0.1700000000000017
North Carolina,49.93,2020,Republican,37,NC,"(49.93, 'red')","rgba(255, 0, 0, 0.0)",0,0.0,0.07000000000000028
North Dakota,46.94,1996,Republican,38,ND,"(46.94, 'red')","rgba(255, 0, 0, 0.0)",0,0.0,3.0600000000000023
North Dakota,60.66,2000,Republican,38,ND,"(60.66, 'red')","rgba(255, 0, 0, 0.0)",0,0.0,10.659999999999997
North Dakota,62.86,2004,Republican,38,ND,"(62.86, 'red')","rgba(255, 0, 0, 0.0)",0,0.0,12.86
North Dakota,53.25,2008,Republican,38,ND,"(53.25, 'red')","rgba(255, 0, 0, 0.0)",0,0.0,3.25
North Dakota,58.32,2012,Republican,38,ND,"(58.32, 'red')","rgba(255, 0, 0, 0.0)",0,0.0,8.32
North Dakota,62.96,2016,Republican,38,ND,"(62.96, 'red')","rgba(255, 0, 0, 0.0)",0,0.0,12.96
North Dakota,65.12,2020,Republican,38,ND,"(65.12, 'red')","rgba(255, 0, 0, 0.0)",0,0.0,15.120000000000005
Ohio,47.38,1996,Democratic,39,OH,"(47.38, 'blue')","rgba(0, 0, 255, 0.0)",0,0.0,2.6199999999999974
Ohio,49.97,2000,Republican,39,OH,"(49.97, 'red')","rgba(255, 0, 0, 0.0)",0,0.0,0.030000000000001137
Ohio,50.81,2004,Republican,39,OH,"(50.81, 'red')","rgba(255, 0, 0, 0.0)",0,0.0,0.8100000000000023
Ohio,51.5,2008,Democratic,39,OH,"(51.5, 'blue')","rgba(0, 0, 255, 0.0)",0,0.0,1.5
Ohio,50.67,2012,Democratic,39,OH,"(50.67, 'blue')","rgba(0, 0, 255, 0.0)",0,0.0,0.6700000000000017
Ohio,51.69,2016,Republican,39,OH,"(51.69, 'red')","rgba(255, 0, 0, 0.0)",0,0.0,1.6899999999999977
Ohio,53.27,2020,Republican,39,OH,"(53.27, 'red')","rgba(255, 0, 0, 0.0)",0,0.0,3.270000000000003
Oklahoma,48.26,1996,Republican,40,OK,"(48.26, 'red')","rgba(255, 0, 0, 0.0)",0,0.0,1.740000000000002
Oklahoma,60.31,2000,Republican,40,OK,"(60.31, 'red')","rgba(255, 0, 0, 0.0)",0,0.0,10.310000000000002
Oklahoma,65.57,2004,Republican,40,OK,"(65.57, 'red')","rgba(255, 0, 0, 0.0)",0,0.0,15.569999999999993
Oklahoma,65.65,2008,Republican,40,OK,"(65.65, 'red')","rgba(255, 0, 0, 0.0)",0,0.0,15.650000000000006
Oklahoma,66.77,2012,Republican,40,OK,"(66.77, 'red')","rgba(255, 0, 0, 0.0)",0,0.0,16.769999999999996
Oklahoma,65.32,2016,Republican,40,OK,"(65.32, 'red')","rgba(255, 0, 0, 0.0)",0,0.0,15.319999999999993
Oklahoma,65.37,2020,Republican,40,OK,"(65.37, 'red')","rgba(255, 0, 0, 0.0)",0,0.0,15.370000000000005
Oregon,47.15,1996,Democratic,41,OR,"(47.15, 'blue')","rgba(0, 0, 255, 0.0)",0,0.0,2.8500000000000014
Oregon,46.96,2000,Democratic,41,OR,"(46.96, 'blue')","rgba(0, 0, 255, 0.0)",0,0.0,3.039999999999999
Oregon,51.35,2004,Democratic,41,OR,"(51.35, 'blue')","rgba(0, 0, 255, 0.0)",0,0.0,1.3500000000000014
Oregon,56.75,2008,Democratic,41,OR,"(56.75, 'blue')","rgba(0, 0, 255, 0.0)",0,0.0,6.75
Oregon,54.24,2012,Democratic,41,OR,"(54.24, 'blue')","rgba(0, 0, 255, 0.0)",0,0.0,4.240000000000002
Oregon,50.07,2016,Democratic,41,OR,"(50.07, 'blue')","rgba(0, 0, 255, 0.0)",0,0.0,0.07000000000000028
Oregon,56.45,2020,Democratic,41,OR,"(56.45, 'blue')","rgba(0, 0, 255, 0.0)",0,0.0,6.450000000000003
Pennsylvania,49.17,1996,Democratic,42,PA,"(49.17, 'blue')","rgba(0, 0, 255, 0.0)",0,0.0,0.8299999999999983
Pennsylvania,50.6,2000,Democratic,42,PA,"(50.6, 'blue')","rgba(0, 0, 255, 0.0)",0,0.0,0.6000000000000014
Pennsylvania,50.92,2004,Democratic,42,PA,"(50.92, 'blue')","rgba(0, 0, 255, 0.0)",0,0.0,0.9200000000000017
Pennsylvania,54.49,2008,Democratic,42,PA,"(54.49, 'blue')","rgba(0, 0, 255, 0.0)",0,0.0,4.490000000000002
Pennsylvania,51.97,2012,Democratic,42,PA,"(51.97, 'blue')","rgba(0, 0, 255, 0.0)",0,0.0,1.9699999999999989
Pennsylvania,48.18,2016,Republican,42,PA,"(48.18, 'red')","rgba(255, 0, 0, 0.0)",0,0.0,1.8200000000000003
Pennsylvania,49.85,2020,Democratic,42,PA,"(49.85, 'blue')","rgba(0, 0, 255, 0.0)",0,0.0,0.14999999999999858
Rhode Island,59.71,1996,Democratic,44,RI,"(59.71, 'blue')","rgba(0, 0, 255, 0.0)",0,0.0,9.71
Rhode Island,60.99,2000,Democratic,44,RI,"(60.99, 'blue')","rgba(0, 0, 255, 0.0)",0,0.0,10.990000000000002
Rhode Island,59.42,2004,Democratic,44,RI,"(59.42, 'blue')","rgba(0, 0, 255, 0.0)",0,0.0,9.420000000000002
Rhode Island,62.86,2008,Democratic,44,RI,"(62.86, 'blue')","rgba(0, 0, 255, 0.0)",0,0.0,12.86
Rhode Island,62.7,2012,Democratic,44,RI,"(62.7, 'blue')","rgba(0, 0, 255, 0.0)",0,0.0,12.700000000000003
Rhode Island,54.41,2016,Democratic,44,RI,"(54.41, 'blue')","rgba(0, 0, 255, 0.0)",0,0.0,4.409999999999997
Rhode Island,59.39,2020,Democratic,44,RI,"(59.39, 'blue')","rgba(0, 0, 255, 0.0)",0,0.0,9.39
South Carolina,49.79,1996,Republican,45,SC,"(49.79, 'red')","rgba(255, 0, 0, 0.0)",0,0.0,0.21000000000000085
South Carolina,56.84,2000,Republican,45,SC,"(56.84, 'red')","rgba(255, 0, 0, 0.0)",0,0.0,6.840000000000003
South Carolina,57.98,2004,Republican,45,SC,"(57.98, 'red')","rgba(255, 0, 0, 0.0)",0,0.0,7.979999999999997
South Carolina,53.87,2008,Republican,45,SC,"(53.87, 'red')","rgba(255, 0, 0, 0.0)",0,0.0,3.8699999999999974
South Carolina,54.56,2012,Republican,45,SC,"(54.56, 'red')","rgba(255, 0, 0, 0.0)",0,0.0,4.560000000000002
South Carolina,54.94,2016,Republican,45,SC,"(54.94, 'red')","rgba(255, 0, 0, 0.0)",0,0.0,4.939999999999998
South Carolina,55.11,2020,Republican,45,SC,"(55.11, 'red')","rgba(255, 0, 0, 0.0)",0,0.0,5.109999999999999
South Dakota,46.49,1996,Republican,46,SD,"(46.49, 'red')","rgba(255, 0, 0, 0.0)",0,0.0,3.509999999999998
South Dakota,60.3,2000,Republican,46,SD,"(60.3, 'red')","rgba(255, 0, 0, 0.0)",0,0.0,10.299999999999997
South Dakota,59.91,2004,Republican,46,SD,"(59.91, 'red')","rgba(255, 0, 0, 0.0)",0,0.0,9.909999999999997
South Dakota,53.16,2008,Republican,46,SD,"(53.16, 'red')","rgba(255, 0, 0, 0.0)",0,0.0,3.1599999999999966
South Dakota,57.89,2012,Republican,46,SD,"(57.89, 'red')","rgba(255, 0, 0, 0.0)",0,0.0,7.890000000000001
South Dakota,61.53,2016,Republican,46,SD,"(61.53, 'red')","rgba(255, 0, 0, 0.0)",0,0.0,11.530000000000001
South Dakota,61.77,2020,Republican,46,SD,"(61.77, 'red')","rgba(255, 0, 0, 0.0)",0,0.0,11.770000000000003
Tennessee,48.0,1996,Democratic,47,TN,"(48.0, 'blue')","rgba(0, 0, 255, 0.0)",0,0.0,2.0
Tennessee,51.15,2000,Republican,47,TN,"(51.15, 'red')","rgba(255, 0, 0, 0.0)",0,0.0,1.1499999999999986
Tennessee,56.8,2004,Republican,47,TN,"(56.8, 'red')","rgba(255, 0, 0, 0.0)",0,0.0,6.799999999999997
Tennessee,56.9,2008,Republican,47,TN,"(56.9, 'red')","rgba(255, 0, 0, 0.0)",0,0.0,6.899999999999999
Tennessee,59.48,2012,Republican,47,TN,"(59.48, 'red')","rgba(255, 0, 0, 0.0)",0,0.0,9.479999999999997
Tennessee,60.72,2016,Republican,47,TN,"(60.72, 'red')","rgba(255, 0, 0, 0.0)",0,0.0,10.719999999999999
Tennessee,60.66,2020,Republican,47,TN,"(60.66, 'red')","rgba(255, 0, 0, 0.0)",0,0.0,10.659999999999997
Texas,48.76,1996,Republican,48,TX,"(48.76, 'red')","rgba(255, 0, 0, 0.0)",0,0.0,1.240000000000002
Texas,59.3,2000,Republican,48,TX,"(59.3, 'red')","rgba(255, 0, 0, 0.0)",0,0.0,9.299999999999997
Texas,61.09,2004,Republican,48,TX,"(61.09, 'red')","rgba(255, 0, 0, 0.0)",0,0.0,11.090000000000003
Texas,55.45,2008,Republican,48,TX,"(55.45, 'red')","rgba(255, 0, 0, 0.0)",0,0.0,5.450000000000003
Texas,57.17,2012,Republican,48,TX,"(57.17, 'red')","rgba(255, 0, 0, 0.0)",0,0.0,7.170000000000002
Texas,52.23,2016,Republican,48,TX,"(52.23, 'red')","rgba(255, 0, 0, 0.0)",0,0.0,2.229999999999997
Texas,52.06,2020,Republican,48,TX,"(52.06, 'red')","rgba(255, 0, 0, 0.0)",0,0.0,2.0600000000000023
Utah,54.37,1996,Republican,49,UT,"(54.37, 'red')","rgba(255, 0, 0, 0.0)",0,0.0,4.369999999999997
Utah,66.83,2000,Republican,49,UT,"(66.83, 'red')","rgba(255, 0, 0, 0.0)",0,0.0,16.83
Utah,71.54,2004,Republican,49,UT,"(71.54, 'red')","rgba(255, 0, 0, 0.0)",0,0.0,21.540000000000006
Utah,62.58,2008,Republican,49,UT,"(62.58, 'red')","rgba(255, 0, 0, 0.0)",0,0.0,12.579999999999998
Utah,72.79,2012,Republican,49,UT,"(72.79, 'red')","rgba(255, 0, 0, 0.0)",0,0.0,22.790000000000006
Utah,45.54,2016,Republican,49,UT,"(45.54, 'red')","rgba(255, 0, 0, 0.0)",0,0.0,4.460000000000001
Utah,58.13,2020,Republican,49,UT,"(58.13, 'red')","rgba(255, 0, 0, 0.0)",0,0.0,8.130000000000003
Vermont,53.35,1996,Democratic,50,VT,"(53.35, 'blue')","rgba(0, 0, 255, 0.0)",0,0.0,3.3500000000000014
Vermont,50.63,2000,Democratic,50,VT,"(50.63, 'blue')","rgba(0, 0, 255, 0.0)",0,0.0,0.6300000000000026
Vermont,58.94,2004,Democratic,50,VT,"(58.94, 'blue')","rgba(0, 0, 255, 0.0)",0,0.0,8.939999999999998
Vermont,67.46,2008,Democratic,50,VT,"(67.46, 'blue')","rgba(0, 0, 255, 0.0)",0,0.0,17.459999999999994
Vermont,66.57,2012,Democratic,50,VT,"(66.57, 'blue')","rgba(0, 0, 255, 0.0)",0,0.0,16.569999999999993
Vermont,56.68,2016,Democratic,50,VT,"(56.68, 'blue')","rgba(0, 0, 255, 0.0)",0,0.0,6.68
Vermont,66.09,2020,Democratic,50,VT,"(66.09, 'blue')","rgba(0, 0, 255, 0.0)",0,0.0,16.090000000000003
Virginia,47.1,1996,Republican,51,VA,"(47.1, 'red')","rgba(255, 0, 0, 0.0)",0,0.0,2.8999999999999986
Virginia,52.47,2000,Republican,51,VA,"(52.47, 'red')","rgba(255, 0, 0, 0.0)",0,0.0,2.469999999999999
Virginia,53.68,2004,Republican,51,VA,"(53.68, 'red')","rgba(255, 0, 0, 0.0)",0,0.0,3.6799999999999997
Virginia,52.63,2008,Democratic,51,VA,"(52.63, 'blue')","rgba(0, 0, 255, 0.0)",0,0.0,2.6300000000000026
Virginia,51.16,2012,Democratic,51,VA,"(51.16, 'blue')","rgba(0, 0, 255, 0.0)",0,0.0,1.1599999999999966
Virginia,49.73,2016,Democratic,51,VA,"(49.73, 'blue')","rgba(0, 0, 255, 0.0)",0,0.0,0.2700000000000031
Virginia,54.11,2020,Democratic,51,VA,"(54.11, 'blue')","rgba(0, 0, 255, 0.0)",0,0.0,4.109999999999999
Washington,49.84,1996,Democratic,53,WA,"(49.84, 'blue')","rgba(0, 0, 255, 0.0)",0,0.0,0.1599999999999966
Washington,50.16,2000,Democratic,53,WA,"(50.16, 'blue')","rgba(0, 0, 255, 0.0)",0,0.0,0.1599999999999966
Washington,52.82,2004,Democratic,53,WA,"(52.82, 'blue')","rgba(0, 0, 255, 0.0)",0,0.0,2.8200000000000003
Washington,57.65,2008,Democratic,53,WA,"(57.65, 'blue')","rgba(0, 0, 255, 0.0)",0,0.0,7.649999999999999
Washington,56.16,2012,Democratic,53,WA,"(56.16, 'blue')","rgba(0, 0, 255, 0.0)",0,0.0,6.159999999999997
Washington,52.54,2016,Democratic,53,WA,"(52.54, 'blue')","rgba(0, 0, 255, 0.0)",0,0.0,2.539999999999999
Washington,57.97,2020,Democratic,53,WA,"(57.97, 'blue')","rgba(0, 0, 255, 0.0)",0,0.0,7.969999999999999
West Virginia,51.5,1996,Democratic,54,WV,"(51.5, 'blue')","rgba(0, 0, 255, 0.0)",0,0.0,1.5
West Virginia,51.92,2000,Republican,54,WV,"(51.92, 'red')","rgba(255, 0, 0, 0.0)",0,0.0,1.9200000000000017
West Virginia,56.06,2004,Republican,54,WV,"(56.06, 'red')","rgba(255, 0, 0, 0.0)",0,0.0,6.060000000000002
West Virginia,55.71,2008,Republican,54,WV,"(55.71, 'red')","rgba(255, 0, 0, 0.0)",0,0.0,5.710000000000001
West Virginia,62.3,2012,Republican,54,WV,"(62.3, 'red')","rgba(255, 0, 0, 0.0)",0,0.0,12.299999999999997
West Virginia,68.5,2016,Republican,54,WV,"(68.5, 'red')","rgba(255, 0, 0, 0.0)",0,0.0,18.5
West Virginia,68.62,2020,Republican,54,WV,"(68.62, 'red')","rgba(255, 0, 0, 0.0)",0,0.0,18.620000000000005
Wisconsin,48.81,1996,Democratic,55,WI,"(48.81, 'blue')","rgba(0, 0, 255, 0.0)",0,0.0,1.1899999999999977
Wisconsin,47.83,2000,Democratic,55,WI,"(47.83, 'blue')","rgba(0, 0, 255, 0.0)",0,0.0,2.1700000000000017
Wisconsin,49.7,2004,Democratic,55,WI,"(49.7, 'blue')","rgba(0, 0, 255, 0.0)",0,0.0,0.29999999999999716
Wisconsin,56.22,2008,Democratic,55,WI,"(56.22, 'blue')","rgba(0, 0, 255, 0.0)",0,0.0,6.219999999999999
Wisconsin,52.83,2012,Democratic,55,WI,"(52.83, 'blue')","rgba(0, 0, 255, 0.0)",0,0.0,2.8299999999999983
Wisconsin,47.22,2016,Republican,55,WI,"(47.22, 'red')","rgba(255, 0, 0, 0.0)",0,0.0,2.780000000000001
Wisconsin,49.45,2020,Democratic,55,WI,"(49.45, 'blue')","rgba(0, 0, 255, 0.0)",0,0.0,0.5499999999999972
Wyoming,49.81,1996,Republican,56,WY,"(49.81, 'red')","rgba(255, 0, 0, 0.0)",0,0.0,0.18999999999999773
Wyoming,67.76,2000,Republican,56,WY,"(67.76, 'red')","rgba(255, 0, 0, 0.0)",0,0.0,17.760000000000005
Wyoming,68.86,2004,Republican,56,WY,"(68.86, 'red')","rgba(255, 0, 0, 0.0)",0,0.0,18.86
Wyoming,64.78,2008,Republican,56,WY,"(64.78, 'red')","rgba(255, 0, 0, 0.0)",0,0.0,14.780000000000001
Wyoming,68.64,2012,Republican,56,WY,"(68.64, 'red')","rgba(255, 0, 0, 0.0)",0,0.0,18.64
Wyoming,68.17,2016,Republican,56,WY,"(68.17, 'red')","rgba(255, 0, 0, 0.0)",0,0.0,18.17
Wyoming,69.94,2020,Republican,56,WY,"(69.94, 'red')","rgba(255, 0, 0, 0.0)",0,0.0,19.939999999999998
Alabama,64.6,2024,Republican (incumbent),01,AL,"(0, 'gray')","rgba(128, 128, 128, 0.5)",0,0.0,14.599999999999994
Alaska,54.9,2024,Republican (incumbent),02,AK,"(0, 'gray')","rgba(128, 128, 128, 0.5)",0,0.0,4.899999999999999
Arizona,52.2,2024,Republican,04,AZ,"(52.2, 'red')","rgba(255, 0, 0, 0.0)",0,0.0,2.200000000000003
Arkansas,64.2,2024,Republican (incumbent),05,AR,"(0, 'gray')","rgba(128, 128, 128, 0.5)",0,0.0,14.200000000000003
California,58.5,2024,Democrat (incumbent),06,CA,"(0, 'gray')","rgba(128, 128, 128, 0.5)",0,0.0,8.5
Colorado,54.2,2024,Democrat (incumbent),08,CO,"(0, 'gray')","rgba(128, 128, 128, 0.5)",0,0.0,4.200000000000003
Connecticut,56.4,2024,Democrat (incumbent),09,CT,"(0, 'gray')","rgba(128, 128, 128, 0.5)",0,0.0,6.399999999999999
Delaware,56.6,2024,Democrat (incumbent),10,DE,"(0, 'gray')","rgba(128, 128, 128, 0.5)",0,0.0,6.600000000000001
District of Columbia,90.3,2024,Democrat (incumbent),11,DC,"(0, 'gray')","rgba(128, 128, 128, 0.5)",0,0.0,40.3
Florida,56.1,2024,Republican (incumbent),12,FL,"(0, 'gray')","rgba(128, 128, 128, 0.5)",0,0.0,6.100000000000001
Georgia,50.7,2024,Republican,13,GA,"(50.7, 'red')","rgba(255, 0, 0, 0.0)",0,0.0,0.7000000000000028
Hawaii,60.6,2024,Democrat (incumbent),15,HI,"(0, 'gray')","rgba(128, 128, 128, 0.5)",0,0.0,10.600000000000001
Idaho,66.9,2024,Republican (incumbent),16,ID,"(0, 'gray')","rgba(128, 128, 128, 0.5)",0,0.0,16.900000000000006
Illinois,54.6,2024,Democrat (incumbent),17,IL,"(0, 'gray')","rgba(128, 128, 128, 0.5)",0,0.0,4.600000000000001
Indiana,58.7,2024,Republican (incumbent),18,IN,"(0, 'gray')","rgba(128, 128, 128, 0.5)",0,0.0,8.700000000000003
Iowa,55.7,2024,Republican (incumbent),19,IA,"(0, 'gray')","rgba(128, 128, 128, 0.5)",0,0.0,5.700000000000003
Kansas,57.2,2024,Republican (incumbent),20,KS,"(0, 'gray')","rgba(128, 128, 128, 0.5)",0,0.0,7.200000000000003
Kentucky,64.5,2024,Republican (incumbent),21,KY,"(0, 'gray')","rgba(128, 128, 128, 0.5)",0,0.0,14.5
Louisiana,60.2,2024,Republican (incumbent),22,LA,"(0, 'gray')","rgba(128, 128, 128, 0.5)",0,0.0,10.200000000000003
Maine,52.2,2024,Democrat (incumbent),23,ME,"(0, 'gray')","rgba(128, 128, 128, 0.5)",0,0.0,2.200000000000003
Maryland,62.6,2024,Democrat (incumbent),24,MD,"(0, 'gray')","rgba(128, 128, 128, 0.5)",0,0.0,12.600000000000001
Massachusetts,61.2,2024,Democrat (incumbent),25,MA,"(0, 'gray')","rgba(128, 128, 128, 0.5)",0,0.0,11.200000000000003
Michigan,49.7,2024,Republican,26,MI,"(49.7, 'red')","rgba(255, 0, 0, 0.0)",0,0.0,0.29999999999999716
Minnesota,50.9,2024,Democrat (incumbent),27,MN,"(0, 'gray')","rgba(128, 128, 128, 0.5)",0,0.0,0.8999999999999986
Mississippi,60.9,2024,Republican (incumbent),28,MS,"(0, 'gray')","rgba(128, 128, 128, 0.5)",0,0.0,10.899999999999999
Missouri,58.5,2024,Republican (incumbent),29,MO,"(0, 'gray')","rgba(128, 128, 128, 0.5)",0,0.0,8.5
Montana,58.4,2024,Republican (incumbent),30,MT,"(0, 'gray')","rgba(128, 128, 128, 0.5)",0,0.0,8.399999999999999
Nebraska,59.3,2024,Republican (incumbent),31,NE,"(0, 'gray')","rgba(128, 128, 128, 0.5)",0,0.0,9.299999999999997
Nevada,50.6,2024,Republican,32,NV,"(50.6, 'red')","rgba(255, 0, 0, 0.0)",0,0.0,0.6000000000000014
New Hampshire,50.7,2024,Democrat (incumbent),33,NH,"(0, 'gray')","rgba(128, 128, 128, 0.5)",0,0.0,0.7000000000000028
New Jersey,51.8,2024,Democrat (incumbent),34,NJ,"(0, 'gray')","rgba(128, 128, 128, 0.5)",0,0.0,1.7999999999999972
New Mexico,51.9,2024,Democrat (incumbent),35,NM,"(0, 'gray')","rgba(128, 128, 128, 0.5)",0,0.0,1.8999999999999986
New York,55.6,2024,Democrat (incumbent),36,NY,"(0, 'gray')","rgba(128, 128, 128, 0.5)",0,0.0,5.600000000000001
North Carolina,50.9,2024,Republican (incumbent),37,NC,"(0, 'gray')","rgba(128, 128, 128, 0.5)",0,0.0,0.8999999999999986
North Dakota,67.0,2024,Republican (incumbent),38,ND,"(0, 'gray')","rgba(128, 128, 128, 0.5)",0,0.0,17.0
Ohio,55.1,2024,Republican (incumbent),39,OH,"(0, 'gray')","rgba(128, 128, 128, 0.5)",0,0.0,5.100000000000001
Oklahoma,66.2,2024,Republican (incumbent),40,OK,"(0, 'gray')","rgba(128, 128, 128, 0.5)",0,0.0,16.200000000000003
Oregon,55.3,2024,Democrat (incumbent),41,OR,"(0, 'gray')","rgba(128, 128, 128, 0.5)",0,0.0,5.299999999999997
Pennsylvania,50.4,2024,Republican,42,PA,"(50.4, 'red')","rgba(255, 0, 0, 0.0)",0,0.0,0.3999999999999986
Rhode Island,55.4,2024,Democrat (incumbent),44,RI,"(0, 'gray')","rgba(128, 128, 128, 0.5)",0,0.0,5.399999999999999
South Carolina,58.2,2024,Republican (incumbent),45,SC,"(0, 'gray')","rgba(128, 128, 128, 0.5)",0,0.0,8.200000000000003
South Dakota,63.4,2024,Republican (incumbent),46,SD,"(0, 'gray')","rgba(128, 128, 128, 0.5)",0,0.0,13.399999999999999
Tennessee,64.2,2024,Republican (incumbent),47,TN,"(0, 'gray')","rgba(128, 128, 128, 0.5)",0,0.0,14.200000000000003
Texas,56.1,2024,Republican (incumbent),48,TX,"(0, 'gray')","rgba(128, 128, 128, 0.5)",0,0.0,6.100000000000001
Utah,59.4,2024,Republican (incumbent),49,UT,"(0, 'gray')","rgba(128, 128, 128, 0.5)",0,0.0,9.399999999999999
Vermont,63.8,2024,Democrat (incumbent),50,VT,"(0, 'gray')","rgba(128, 128, 128, 0.5)",0,0.0,13.799999999999997
Virginia,51.8,2024,Democrat (incumbent),51,VA,"(0, 'gray')","rgba(128, 128, 128, 0.5)",0,0.0,1.7999999999999972
Washington,57.2,2024,Democrat (incumbent),53,WA,"(0, 'gray')","rgba(128, 128, 128, 0.5)",0,0.0,7.200000000000003
West Virginia,70.0,2024,Republican (incumbent),54,WV,"(0, 'gray')","rgba(128, 128, 128, 0.5)",0,0.0,20.0
Wisconsin,49.6,2024,Republican,55,WI,"(49.6, 'red')","rgba(255, 0, 0, 0.0)",0,0.0,0.3999999999999986
Wyoming,71.6,2024,Republican (incumbent),56,WY,"(0, 'gray')","rgba(128, 128, 128, 0.5)",0,0.0,21.599999999999994
